Amino acid,DNA codons,Compressed
"Ala, A","GCT, GCC, GCA, GCG",GCN
"Arg, R","AGA, AGG",AGR
"Asn, N","AAT, AAC",AAY
"Asp, D","GAT, GAC",GAY
"Asn or Asp, B","AAT, AAC; GAT, GAC",RAY
"Cys, C","TGT, TGC",TGY
"Gln, Q","CAA, CAG",CAR
"Glu, E","GAA, GAG",GAR
"Gln, Z","CAA, CAG; GAA, GAG",SAR
"Gly, G","GGT, GGC, GGA, GGG",GGN
"His, H","CAT, CAC",CAY
"Ile, I","ATT, ATC, ATA",ATH
"Leu, L","CTT, CTC, CTA, CTG",CTN
"Lys, K","AAA, AAG",AAR
"Phe, F","TTT, TTC",TTY
"Pro, P","CCT, CCC, CCA, CCG",CCN
"Ser, S","TCT, TCC, TCA, TCG",TCN
"Thr, T","ACT, ACC, ACA, ACG",ACN
"Tyr, Y","TAT, TAC",TAY
"Val, V","GTT, GTC, GTA, GTG",GTN
